HIGHEST PROFITING Trading Strategy On YouTube PROVEN 100 Trades - MTF Indicator + MACD,1:2 RR,60% WR,5 Min,80% GOA,6 Months,https://youtu.be/9o6BG-dCgco
Highly Profitable Trading Strategy Proven 100 Trades - RSI + Stochastic + 200 EMA,1:2 RR,54% WR,30 Min,62% GOA,>6 Months,https://youtu.be/hAYul735zEc
Insanely Profitable New Proven Trading Strategy | VuManChu Cipher B Indicator,1:2 RR,54% WR,30 Min,62% GOA,7 Months,https://www.youtube.com/watch?v=3RvKWdnrs2g&t=4s&ab_channel=TradePro
Crazy Results Best Ichimoku Cloud Trading Strategy Proven 100 Trades,1:2 RR,52% WR,1 H,56% GOA,19 Months,https://youtu.be/8gWIykJgMNY
70% Win Rate Advanced Trading Strategy Proven 100 Trades - Fibonacci + 50 EMA + RSI,1:1 Variable,70% WR,1 H,55.68% GOA,16 Months,https://youtu.be/atIkQboFHoQ
Extremely Profitable 1 Minute Chart Trading Strategy Proven 100 Trades - EMA + RSI + Stochastic,1:2 RR,51% WR,1 Min,53% GOA,9 Days,https://youtu.be/v9N4kj4-V2s
Highly Profitable Indicator Absolute Strength Histogram Proven 100 Trades,1:2 RR,50% WR,30 Min,50% GOA,4 months,https://youtu.be/thUcYewt3bI
Chaikin Money Flow + MACD + ATR Best Simple Forex Trading Strategy Tested 100 Times,1:2 RR,50% WR,30 Min,50% GOA,,https://youtu.be/KLLKVQoC2hY
Best Highly Profitable London Breakout Trading Strategy Proven 100 Trades,1:2 RR,49% WR,5 Min,47% GOA,6 Months,https://youtu.be/gUPVISlHSDg
VWAP + 600 EMA + Williams Alligator Trading Strategy Tested 100 Times,1:2 RR,49% WR,3 Min,47% GOA,40 days,https://youtu.be/BlfuQ1GmtWw
HIGH PROFIT 1 Minute Chart Scalping Stratgey Proven 100 Trades - RSI+200 EMA+ Engulfing,1:2 RR,49% WR,1 Min,47% GOA,,https://youtu.be/AM52D58vGQk
Simple Money Flow Index MFI DayTrading Strategy Tested 100 Times (5 minute chart) - Full Results,1:2 RR,49% WR,5 Min,47% GOA,,https://youtu.be/BQdvNAepuDw
Complete Trading Strategy With Proven Results - MFI + 200 EMA + Stochastic,1:2 RR,48% WR,30 Min,44% GOA,8 Months,https://youtu.be/0Y3zuKykNi8
"""The BEST Scalping Strategy For SMALL Forex Accounts! (75% Win Rate)"" Proven 100 Trades",1:2 RR,48% WR,15 Min,44% GOA,,https://youtu.be/xtOrfokhwg8
Simple Triple EMA Trading Strategy Put To The Test - 5 Minute Chart - 100 Trades,1:2 RR,48% WR,5 Min,44% GOA,,https://youtu.be/Lw9DPqiaMcc
Highly Profitable 1 Minute MACD + CMF Trading Strategy Tested 100 Times,1:2 RR,47% WR,1 Min,41% GOA,,https://youtu.be/8SqzhsTN-DI
Stochastic+SMA+WMA Trading Strategy Tested 100 Times (5 Minute Chart) - Full Results,1:2 RR,47% WR,5 Min,41% GOA,,https://youtu.be/2tgmR9jzuCM
HIGHEST PROFIT Triple Supertrend Trading Strategy With Proven 100 Trade Results,1:1.5RR,56% WR,1 H,40% GOA,9 Months,https://youtu.be/HpNZ2VpZzSE
76% Win Rate Highly Profitable Trading Strategy Proven 100 Trades - EMA + Stochastic RSI + ATR,1.5:1 RR,76% WR,1 H,40% GOA,6 Months,https://youtu.be/7NM7bR2mL7U
Highly Profitable MACD Trading Strategy Proven 100 Trades (2 Stage Take Profit),1:1 + 1:2 RR,62% WR,30 Min,40% GOA,,https://youtu.be/Hgvt3lP7WxQ
200 EMA + MACD Trading Startegy Tested 100 Times With 1:4 Risk Reward Ratio,1:4 RR,28% WR,30 Min,40% GOA,,https://youtu.be/U90Tqvgxvug
Ultimate Trend Line Trading Strategy With Proven 100 Trade Results,Variable,44% WR,1 H,39.48% GOA,13 Months,https://youtu.be/md5tB3QvQJ4
Highest Profit Trading Strategy On The 1 Minute Chart - RSI + Stochastic + EMA,1:2 RR,46% WR,1 Min,38% GOA,4 Days,https://youtu.be/MiSIIqleIOI
Simple MACD + ADX Trading Strategy Tested 100 Times - Full Results,1:2 RR,46% WR,15 Min,38% GOA,4 Months,https://www.youtube.com/watch?v=x7h_KKGAxTk
SIMPLE and PROFITABLE Forex Scalping Strategy Traded 100 Times - Full Performance Results,1:1 + 1:2,65% WR,5 Min,34.5% GOA,,https://youtu.be/e4jkXms2RjY
78% Win Rate Profitable Trading Strategy Fully Revealed - ADX + BB %B + AO + EMA,2:1 RR,78% WR,6 Min,34% GOA,23 Days,
MACD Trading Strategy 200 Times! Full Results,01:01.5,53% WR,30 Min,34% GOA,,https://youtu.be/w0Rf1cUwUFo
Profitable WaveTrend Oscillator Trading Strategy Tested 100 Times,1:2 RR,44% WR,30 Min,32% GOA,,https://youtu.be/8mKHX-N7q7U
200 EMA + MACD Trading Strategy Tested 100 Times With 3:1 RR,1:3 RR,33% WR,30 Min,32% GOA,,https://youtu.be/kr_kGf7fENI
STC Indicator Trading Strategy Proven 100 Trades ( Combined MACD and Stochastic in one indicator),1:2 RR,44% WR,30 Min,32% GOA,,https://youtu.be/MbvX6YJB4Bg
Monster Breakout Index Trading Strategy Tested 100 Times - Full Results,1:2 RR,44% WR,30 Min,32% GOA,,https://youtu.be/CkG-Dvhq43I
Highest Profit Strategy Tested 100 Times On The 5 Minute Chart - Full Results,1:1+1:2 RR,57% WR,5 Min,31% GOA,<2 Months,https://youtu.be/MsLr7E6g0E8
Make A Living In 15 Minutes Per Day Following This Easy Profitable Trading Strategy,1:1.5 RR,52% WR,1 D,30% GOA,4.5 Years,https://youtu.be/8gChlijkMNE
Testing Heikin Ashi + Parabolic Sar + 200 EMA Trading Strategy 200 Times,1:2 RR,43% WR,15 Min,29% GOA,,
Trading The Most Popular Trading Script On TradingView 100 Times - Full Result,1:2 RR,43% WR,5 Min,29% GOA,,
Williams Alligator Indicator Traded 100 Times To See How Profitable It Is,1:2 RR,43% WR,30 Min,29% GOA,,
Unique Trading Strategy Tested 100 Times - Ichimoku + STC + CMF Indicators,1:1.5 RR,51% WR,30 Min,27.5% GOA,4 Months,
Forex Trading Pivot Points With Accumulation/Distribution Strategy,1:1.5 RR,51% WR,5 Min,27.5% GOA,5 Months,
How To Actually Trade With RSI: (Including MACD And Stochastic) Tested 100 Trades,Variable,51% WR,1 Hour,27.2% GOA,,
Simple Profitable Triple EMA Trading Strategy Tested 100 Times,1:2 RR,42% WR,15 Min,26% GOA,3 Months,
Taking 200 Forex Trades On The 1 Minute Chart - MACD Strategy - Full Results,1:2 RR,42% WR,1 Min,26% GOA,,
TTM Squeeze Forex Trading Strategy Tested 100 Times,1:2 RR,42% WR,30 Min,26% GOA,,
Heikin Ashi+Parabolic SAR Trading Strategy Tested 100 Times (5 Minute Chart) - Full Results,1:2.5 RR,36% WR,5 Min,26% GOA,,
Easy Profitable RSI Indicator Trading Strategy - Surprisingly Good Results,1:1.3 RR,51% WR,15 Min,25.3% GOA,2 Months,
Simple But Effective 1 Minute Scalping Strategy Tested 100 Times | EMA + Fractal Indicators,1:1.5 RR,50% WR,1 Min,25% GOA,3 Days,
Supertrend Indicator Trading Strategy Tested 100 Times - Full Result,1:1.6 RR,48% WR,15 Min,24.8% GOA,,
MACD Trading Strategy But With A 1:1 Risk Reward Ratio 100 Trade Results,1:1 RR,62% WR,30 Min,24% GOA,,
Engulfing Candlestick Pattern Trading Strategy Tested 100 Times - Full Result,1:1 RR,62% WR,4H,24% GOA,,
2 Period RSI + STC Trading Strategy Tested 100 Times (Important Takeaways),1:2 RR,41% WR,30 Min,23% GOA,,
Simple Profitable Trading Strategy Tested 100 Times - MACD + EMA,1:2 RR,41% WR,15 Min,23% GOA,,
4 Hour Chart Swing Trading Strategy Tested 100 Times (Darvas Box Strategy) - Full Results,1:1.5 RR,49% WR,4H,22.5% GOA,,
Taking 100 Trades With A 1:6 Risk Reward Ratio Stochastic Strategy,1:6 RR,17% WR,30 Min,19% GOA,,
Trading Simple Pivot Reversal Strategy 100 Times - Full Result,1:2 RR,39% WR,15 Min,17% GOA,,
Simple Stochastic RSI Day Trading Strategy Tested 100 Times,1:2 RR,39% WR,15 Min,17% GOA,,
Ichimoku Cloud + SSL Channel Strategy Tested 100 Times - 30 Minute Chart,1:1.5 RR,58% WR,30 Min,16% GOA,,
Simple 50 EMA + 200 EMA Trading Strategy Tested 100 Times - Full Results,1:1.5 RR,46% WR,1 Min,15% GOA,,
I Took 100 Random Trades Only Using Good Risk Management To Profit,1:2 RR,36% WR,15 Min,11% GOA,100 Days,
Slingshot Indicator Trading Strategy Traded 100 Times - Full Results,1:2 RR,36% WR,30 Min,8% GOA,,
Taking 100 Trades With A 1:0.5 Risk Reward Ratio Stochastic Strategy Part 2,1:0.5 RR,71% WR,30 Min,6.5% GOA,,
"""90%+"" Win Rate Insane Forex Scalping Strategy Tested 100 Times - 14 EMA + RSI",1:1 RR,53% WR,5 Min,6% GOA,,
Free Trade Entry Signals Tested 100 Times (Xypher Long/Short Finder Script),1:1.5 RR,42% WR,1 H,5% GOA,,
Trading Awesome Oscillator Indicator 100 Times - How Profitable Is It?,1:2 RR,35% WR,30 Min,5% GOA,,
The 2 Indicator Simple Day Trading Strategy Tested 104 Times - Full Results,Swing,51% WR,15 Min,.97% GOA,,
How To Not Trade With Ichimoku Cloud Tested 100 Times,1:1.5 RR,40% WR,15 Min,0% GOA,,
Classic MACD Trading Strategy But On The 5 Minute Chart 100 Test Results (2 Stage Take Profit),1:1+1:2 RR,47% WR,5 Min,-2.5% GOA,,
EMA Crossover Day Trading Strategy Tested 100 Times! Full Results,1:1.5 RR,36% WR,15 Min,-10% GOA,,
Vortex Indicator Trading Strategy Tested 100 Times - OUCH!,1:2 RR,28% WR,5 Min,-16% GOA,,
Bollinger Bands + RSI Trading Strategy Tested 100 Times - Full Results,Variable,46% WR,15 Min,-16.08% GOA,38 days,
